X,Y,j1,r1,e1,s1,m1
33.78,-84.3686,0.688875517,1.000000091,0.758191174,0.653522352,0.999999949
33.696,-84.0864,0.268388089,0.662127819,0.809858272,0.532747963,0.983168024
34.018,-84.3188,0.380947441,0.654794815,0.696859177,0.680593834,0.981234518
33.906,-84.2856,0.267366656,0.716307821,0.649140397,0.578904743,0.905212068
34.06,-84.3852,0.067644946,0.457081458,0.73315924,0.671775078,0.904288848
33.99,-84.352,0.334134547,0.665784142,0.699391588,0.636999504,0.879951803
33.822,-84.3852,0.182270919,0.627375045,0.653258905,0.664062927,0.873687128
33.738,-84.2524,0.47901134,0.787036574,0.695481361,0.62175348,0.864681626
33.696,-84.3686,0.142544578,0.551953971,0.869364706,0.667452831,0.861659126
33.78,-84.3852,0.226637164,0.822286857,0.999999999,0.595318528,0.840896372
33.794,-84.352,0.067644946,0.457081458,0.766416039,0.661999447,0.836692505
33.752,-84.3686,0.249442361,0.750412266,0.934973612,0.665827709,0.821560555
33.71,-84.269,0.193102609,0.589723183,0.727604516,0.602764358,0.810964602
33.752,-84.3852,0.335196516,0.604135852,0.803139694,0.612645423,0.807913724
34.06,-84.2358,0.067644946,0.457081458,0.738238024,0.619012323,0.804000826
33.948,-84.3354,0.185885665,0.569082179,0.727495115,0.774521101,0.797837992
33.808,-84.3354,0.305627246,0.728633974,0.685449656,0.663714976,0.79665512
33.668,-84.4516,0.390275236,0.683611912,0.738912776,0.609752713,0.795487847
34.074,-84.2026,0.164901706,0.521775143,0.757622521,0.589995631,0.795487847
33.864,-84.2856,0.445803125,0.781078917,0.762429847,0.637239745,0.792355189
33.752,-84.2358,0.395383049,0.770284559,0.905583543,0.736908916,0.791519807
33.654,-84.4516,0.206894398,0.586735235,0.765608883,0.693872225,0.790418168
33.766,-84.352,0.18275032,0.604799303,0.823818073,0.677398686,0.787458085
33.724,-84.352,0.412144097,0.811528763,0.663773906,0.563326666,0.78614498
33.808,-84.2358,0.383856843,0.759962088,0.759709548,0.710558981,0.784594875
33.78,-84.352,0.113160901,0.511722789,0.783469729,0.619477223,0.783830035
33.752,-84.269,0.249442361,0.750412266,0.936556491,0.605823541,0.776065324
33.92,-84.3852,0.105708142,0.540299045,0.67512111,0.666365464,0.774683992
33.85,-84.2192,0.199648449,0.636818607,0.72153003,0.62060596,0.774228429
33.85,-84.2026,0.319542845,0.790458388,0.830774591,0.603424042,0.770886589
33.962,-84.3686,0.263748477,0.659173825,0.787927365,0.593011406,0.759835647
33.766,-84.3354,0.15606654,0.553391393,0.782432106,0.622920383,0.755899575
33.584,-84.4682,0.309303487,0.732750976,0.747306079,0.607446034,0.75426751
33.766,-84.3686,0.366809147,0.853119508,0.78447147,0.592572021,0.750578696
33.892,-84.3022,0.335196516,0.604135852,0.802994311,0.619664066,0.749046349
33.892,-84.2856,0.251829265,0.677432627,0.542416056,0.60991473,0.748541769
33.808,-84.186,0.222878177,0.671404606,0.838108839,0.598047968,0.747707548
33.654,-84.4018,0.485257426,0.840782113,0.509022309,0.635457516,0.743816061
33.682,-84.2358,0.343558373,0.679691515,0.622757112,0.696774067,0.741013111
33.78,-84.269,0.243783572,0.646491381,0.840208071,0.647442993,0.740402971
33.724,-84.1694,0.330082641,0.730138632,0.575616699,0.82242783,0.739345995
34.018,-84.269,0.149819898,0.502771908,0.830694804,0.620511188,0.739196103
33.71,-84.103,0.357343172,0.792226677,0.761233037,0.622822385,0.738302448
33.892,-84.3852,0.291557037,0.706300325,0.659259545,0.655202613,0.736979961
33.836,-84.3852,0.157199161,0.740962946,0.866825924,0.614182424,0.735822083
33.794,-84.2856,0.446823694,0.752705074,0.668541191,0.587806908,0.735678494
33.85,-84.3686,0.684894858,0.989818806,0.916266608,0.581650041,0.732031189
33.878,-84.3852,0.264014572,0.676805038,0.745104963,0.637480806,0.731348129
33.752,-84.1694,0.202787823,0.649442681,0.670669278,0.565465302,0.730941033
33.696,-84.269,0.144515837,0.544570917,0.839794758,0.565465302,0.730805786
33.71,-84.3686,0.144515837,0.544570917,0.857902697,0.568664838,0.730535966
33.822,-84.3354,0.190393911,0.536868949,0.773540831,0.593390368,0.729731849
33.906,-84.3852,0.285262814,0.687238473,0.637486541,0.580600303,0.72867195
33.766,-84.3852,0.222878177,0.671404606,0.837965679,0.793090731,0.72801649
33.598,-84.4682,0.309901139,0.656005133,0.631054832,0.627270859,0.727755786
33.71,-84.352,0.45804912,0.858054358,0.69140216,0.607524277,0.727625748
34.074,-84.352,0.20090629,0.55510643,0.731515959,0.577104637,0.727625748
33.822,-84.2358,0.391075935,0.811483152,0.795127316,0.605747246,0.72749592
33.752,-84.352,0.234390025,0.669223135,0.830671178,0.624910014,0.726336753
33.78,-84.3022,0.303312097,0.661032969,0.806166495,0.641325892,0.725194001
33.976,-84.352,0.373330254,0.840659326,0.663872258,0.568063118,0.724191649
33.682,-84.4516,0.366519754,0.719596803,0.754107901,0.663368659,0.724067229
33.822,-84.352,0.262577541,0.703870919,0.798525109,0.551217968,0.723943
33.85,-84.2524,0.249442361,0.750412266,0.934600156,0.609268973,0.722345258
33.724,-84.4184,0.365154211,0.748795289,0.807244549,0.61349503,0.720898125
33.794,-84.2358,0.438468515,0.755430686,0.767340752,0.863936067,0.720778702
33.752,-84.4018,0.155839014,0.583208634,0.751839953,0.59434741,0.720302782
33.794,-84.3686,0.113160901,0.511722789,0.772109255,0.591148641,0.720184243
33.794,-84.3188,0.144515837,0.544570917,0.796061126,0.668556378,0.718426926
33.654,-84.518,0.363913693,0.652616883,0.601146354,0.527976821,0.718080055
33.808,-84.352,0.067644946,0.457081458,0.729470036,0.581915162,0.717162374
33.948,-84.269,0.164901706,0.521775143,0.754636834,0.607602612,0.717048402
33.724,-84.3852,0.49450106,0.816357823,0.759109364,0.696774067,0.713703057
33.864,-84.3022,0.234096142,0.671645753,0.788158551,0.604313839,0.711548703
33.794,-84.3852,0.105708142,0.540299045,0.682708611,0.558115545,0.710388353
34.074,-84.3022,0.359753353,0.642489951,0.738026987,0.611059825,0.710283707
33.724,-84.3686,0.417938361,0.853824105,0.705523037,0.584296277,0.708321376
33.668,-84.4682,0.305940429,0.722001735,0.777098706,0.61040312,0.70811763
33.654,-84.5014,0.295880583,0.679148296,0.585762462,0.550990022,0.707006368
33.696,-84.1694,0.156197515,0.546219787,0.674478462,0.572126215,0.705811746
33.85,-84.186,0.252642929,0.636628191,0.652786907,0.54995867,0.705417548
33.71,-84.2192,0.372410395,0.745938398,0.853969924,0.688136709,0.705221189
33.696,-84.4184,0.293091427,0.647121432,0.779891844,0.650999761,0.704927571
34.088,-84.352,0.067644946,0.457081458,0.730768062,0.585240181,0.704829942
33.78,-84.2358,0.395524428,0.764250386,0.735188478,0.586254771,0.70395672
33.794,-84.269,0.469673892,0.85712814,0.744224734,0.839449833,0.702997772
33.836,-84.3686,0.410099708,0.839838492,0.800545958,0.599490663,0.702050455
33.794,-84.2192,0.330493999,0.674756794,0.755164339,0.674936739,0.700558282
33.71,-84.3852,0.364663315,0.660106532,0.835529289,0.640439287,0.699366604
33.808,-84.3686,0.590662852,0.773091448,0.83820435,0.635574943,0.699366604
33.738,-84.3686,0.489598805,0.823728016,0.709183256,0.682132436,0.69900358
33.864,-84.352,0.113160901,0.511722789,0.782840589,0.543276311,0.698282582
33.794,-84.3354,0.067644946,0.457081458,0.766358555,0.573369748,0.696948513
33.724,-84.2026,0.563774223,0.780618204,0.807166318,0.582341632,0.696246294
33.724,-84.4018,0.284990673,0.764305028,0.770119155,0.691075652,0.696158964
33.724,-84.1528,0.105708142,0.540299045,0.675150128,0.586710825,0.695984597
33.78,-84.2026,0.250507842,0.601246233,0.735790036,0.684615142,0.695637039
33.92,-84.3686,0.403762923,0.667836111,0.751240765,0.62501101,0.695377391
33.934,-84.269,0.2505115,0.657809599,0.850283639,0.556246663,0.695291036
34.032,-84.269,0.113160901,0.511722789,0.782640256,0.578651692,0.694518151
33.71,-84.4184,0.249442361,0.750412266,0.934995043,0.613068903,0.694432751
33.822,-84.2524,0.222876461,0.759906165,0.895071628,0.573509428,0.693922325
33.724,-84.5014,0.210980638,0.709932687,0.680187649,0.563168183,0.692995232
33.934,-84.3852,0.303992818,0.668896306,0.624172482,0.565506363,0.692660855
33.724,-84.186,0.275992259,0.671163443,0.774437499,0.62644058,0.691748742
33.738,-84.186,0.228918341,0.674993917,0.815601733,0.621657121,0.691092119
33.668,-84.435,0.378845631,0.852766221,0.872322173,0.602038917,0.689075655
33.794,-84.4018,0.453105405,0.832597162,0.768712269,0.574495865,0.68899609
34.06,-84.3022,0.163791608,0.725148427,0.658816087,0.567977624,0.68899609
33.724,-84.103,0.415582481,0.673723237,0.649762122,0.610566701,0.688126287
33.864,-84.3354,0.211828927,0.872625852,0.915432451,0.562891801,0.687890776
33.738,-84.1694,0.350762177,0.730887823,0.630266341,0.708971808,0.687499861
33.654,-84.3852,0.296049955,0.78437732,0.696483462,0.57217184,0.687499861
33.654,-84.435,0.142544578,0.551953971,0.931189556,0.558006178,0.687421918
33.71,-84.1196,0.305940429,0.722001735,0.77244084,0.709286697,0.687110937
33.78,-84.4018,0.222878177,0.671404606,0.832263736,0.559294274,0.685498765
33.794,-84.2026,0.192616122,0.652618613,0.798885776,0.5652195,0.684893466
33.78,-84.3188,0.226498669,0.610758645,0.733391076,0.723786314,0.68421821
33.822,-84.4018,0.149819898,0.502771908,0.814080644,0.614355361,0.68399445
34.06,-84.3354,0.113160901,0.511722789,0.783254147,0.75308058,0.683548899
33.85,-84.3188,0.206894398,0.586735235,0.847912958,0.601607398,0.683105946
33.864,-84.3188,0.465724625,0.818496391,0.80826604,0.586084572,0.683105946
33.71,-84.0864,0.407854811,0.818851469,0.651545196,0.544315873,0.683032371
33.752,-84.3354,0.286808064,0.712705944,0.964256505,0.619570581,0.682812073
33.892,-84.2524,0.610191527,0.807768622,0.807899658,0.567424721,0.682009746
33.85,-84.3354,0.226249091,0.658234932,0.671897821,0.582717111,0.681575666
33.682,-84.435,0.181947088,0.682695272,0.804740031,0.651732627,0.681503561
33.794,-84.2524,0.291926151,0.770390864,0.485260909,0.633833732,0.681359556
33.71,-84.1694,0.279933809,0.634352722,0.629866443,0.708034626,0.680643612
33.78,-84.186,0.293897642,0.74446735,0.974138745,0.622237297,0.680643612
33.822,-84.2192,0.341995392,0.649532756,0.79794434,0.616287119,0.68057239
33.696,-84.4516,0.335552333,0.810707774,0.828965186,0.594863564,0.68057239
33.752,-84.2524,0.285799857,0.806472616,0.817680075,0.627689739,0.680430144
33.668,-84.4018,0.420950828,0.816536581,0.911523249,0.603793358,0.679934383
33.668,-84.4184,0.321202374,0.82950152,0.793284713,0.597912187,0.679512019
33.878,-84.3354,0.245809524,0.578611552,0.752261071,0.613751992,0.679022229
33.766,-84.269,0.362038892,0.682771281,0.740913459,0.636999504,0.678466335
33.738,-84.3852,0.327943187,0.659257622,0.650474995,0.593835261,0.678466335
33.906,-84.269,0.351459429,0.740064534,0.730003564,0.600399683,0.678052088
33.71,-84.2026,0.193102609,0.589723183,0.729875807,0.550214882,0.677777183
34.06,-84.3188,0.374850954,0.663548516,0.809728954,0.573045009,0.677434957
33.766,-84.1694,0.274638867,0.723804831,0.645089682,0.599351909,0.677230366
33.738,-84.4018,0.155839014,0.583208634,0.7523045,0.692843493,0.67709428
33.906,-84.3686,0.250507842,0.601246233,0.735429237,0.62853512,0.676755139
33.766,-84.2358,0.222878177,0.671404606,0.842935227,0.573977258,0.676484923
33.766,-84.3188,0.236758655,0.617896398,0.723515287,0.626854482,0.676282897
33.906,-84.3022,0.335196516,0.604135852,0.802994311,0.64326372,0.675546747
33.696,-84.2524,0.300918055,0.703730635,0.688586122,0.782544166,0.675480181
33.78,-84.2524,0.450699227,0.825767036,0.738515581,0.606129591,0.675480181
33.668,-84.3852,0.438468515,0.755430686,0.774654433,0.613239033,0.675347226
34.046,-84.1362,0.149819898,0.502771908,0.780109152,0.606514118,0.674554404
33.78,-84.2192,0.539602741,0.835490878,0.760558599,0.559742129,0.674291982
33.584,-84.4848,0.233051892,0.648104786,0.758799408,0.594090839,0.674095767
33.85,-84.3852,0.20090629,0.55510643,0.728110164,0.589935504,0.673834945
33.696,-84.1528,0.18275032,0.604799303,0.821509408,0.599699339,0.673575027
34.046,-84.2358,0.250507842,0.601246233,0.735512502,0.601321259,0.67280065
33.766,-84.2524,0.489598805,0.823728016,0.70584699,0.589875432,0.672736479
33.794,-84.186,0.192616122,0.652618613,0.803746427,0.570861814,0.672544296
33.724,-84.2524,0.237206712,0.734661375,0.62067942,0.694131568,0.671843824
33.612,-84.4682,0.289375729,0.63934769,0.653767649,0.593517174,0.671590727
34.06,-84.4018,0.067644946,0.457081458,0.73315924,0.592135548,0.671087096
33.738,-84.2358,0.334417396,0.794662523,0.824426936,0.678660551,0.670337971
33.738,-84.269,0.351459429,0.740064534,0.72976582,0.596039853,0.669596305
33.836,-84.2026,0.289718542,0.833228412,0.868494406,0.619383991,0.669350717
33.668,-84.2358,0.316251955,0.692647267,0.591415782,0.56554745,0.668740271
33.808,-84.4018,0.332098604,0.770285043,0.766781471,0.555753004,0.668558111
33.808,-84.2192,0.383455164,0.715112973,0.860623347,0.645660655,0.667713888
34.046,-84.1196,0.149819898,0.502771908,0.780109152,0.724546997,0.666997837
33.78,-84.3354,0.20090629,0.55510643,0.723978986,0.62420713,0.666938477
33.85,-84.269,0.113160901,0.511722789,0.790423223,0.59176372,0.666938477
34.06,-84.2856,0.17995034,0.66946665,0.869196217,0.564165346,0.666583313
33.962,-84.3354,0.185885665,0.569082179,0.727495115,0.640062667,0.665878054
33.654,-84.3188,0.148561132,0.554394017,0.787770267,0.561028841,0.665819585
33.682,-84.3686,0.477513267,0.734170485,0.78652692,0.588862551,0.664948047
33.682,-84.0864,0.203120398,0.689848785,0.848322367,0.512636905,0.664948047
33.682,-84.4184,0.234436179,0.7583484,0.857868625,0.636402446,0.664890308
34.074,-84.2856,0.288401496,0.647925877,0.651421092,0.62811115,0.664774966
33.99,-84.3354,0.335196516,0.604135852,0.801269312,0.577104637,0.664372681
33.682,-84.4682,0.335196516,0.604135852,0.799508177,0.623908061,0.664143784
33.696,-84.103,0.237489212,0.67067983,0.776541866,0.56269513,0.664029601
33.766,-84.4018,0.442086932,0.89995615,0.837755053,0.571807746,0.663517955
34.06,-84.2192,0.335196516,0.604135852,0.799203118,0.587516675,0.663235233
34.074,-84.3686,0.113160901,0.511722789,0.787425861,0.61496411,0.662617039
33.696,-84.3852,0.218113866,0.618620415,0.829547967,0.573369748,0.662617039
33.906,-84.2524,0.193102609,0.589723183,0.729699314,0.638453328,0.661727015
34.088,-84.3686,0.067644946,0.457081458,0.737313291,0.590297095,0.661727015
33.724,-84.518,0.181947088,0.682695272,0.801278842,0.558188562,0.661561328
33.864,-84.3686,0.099598159,0.454769871,0.751885811,0.600259024,0.661121312
33.92,-84.269,0.142544578,0.551953971,0.868146229,0.581755959,0.660956984
33.836,-84.269,0.317907785,0.677823576,0.622686605,0.680159919,0.660629425
33.766,-84.3022,0.375871173,0.776648913,0.715814841,0.678448767,0.660086723
33.696,-84.4682,0.382353344,0.85308003,0.931431476,0.666365464,0.659280126
33.822,-84.3686,0.192616122,0.652618613,0.798480673,0.563089092,0.658482314
33.808,-84.269,0.490663825,0.842943809,0.746143961,0.611307735,0.658376593
34.074,-84.3852,0.067644946,0.457081458,0.733593243,0.585801889,0.658376593
33.57,-84.4682,0.20323015,0.725722325,0.757888963,0.824850408,0.65832379
33.654,-84.3354,0.258945266,0.689921883,0.616854729,0.557933374,0.658271025
33.864,-84.3852,0.245286289,0.737468159,0.956068453,0.580444304,0.658007769
33.696,-84.352,0.259103044,0.713176013,0.745675357,0.614182424,0.657745458
33.808,-84.2524,0.146695905,0.66660753,0.605929036,0.575162062,0.657640796
33.808,-84.2856,0.397637575,0.805169922,0.754429988,0.534899083,0.657327708
33.85,-84.2856,0.153316247,0.570006426,0.783489976,0.671581845,0.656964127
33.794,-84.3022,0.393903093,0.687014429,0.816230773,0.584849853,0.656808859
34.06,-84.2524,0.099598159,0.454769871,0.710990612,0.57217184,0.656757176
33.822,-84.3188,0.17980868,0.663796439,0.668419481,0.619757678,0.656139823
34.074,-84.4184,0.105708142,0.540299045,0.682389086,0.584905472,0.656139823
33.71,-84.2856,0.303456292,0.726041209,0.800277963,0.636046614,0.656088613
33.738,-84.352,0.365164449,0.803580049,0.684450494,0.608153514,0.655680216
33.892,-84.269,0.231393728,0.722001326,0.927667857,0.759837507,0.655324737
33.836,-84.2524,0.187232242,0.648908901,0.657952663,0.555577649,0.655122382
33.85,-84.2358,0.113160901,0.511722789,0.785927702,0.640439287,0.654618943
33.948,-84.3686,0.190393911,0.536868949,0.773339704,0.653220981,0.654568791
33.808,-84.1694,0.156197515,0.546219787,0.673042666,0.665649322,0.654468589
33.892,-84.3686,0.169672267,0.605566458,0.725461421,0.612729908,0.654218687
33.696,-84.2358,0.297312871,0.699715157,0.763986596,0.638698557,0.654118965
33.878,-84.2856,0.404405454,0.762115666,0.760859139,0.595645429,0.653771016
33.836,-84.2358,0.150341719,0.580241119,0.696560507,0.593137485,0.653721445
33.962,-84.352,0.113160901,0.511722789,0.790182414,0.711202898,0.653523497
33.878,-84.3188,0.15202848,0.709796686,0.641510272,0.652771258,0.652932873
33.864,-84.2192,0.10334105,0.541682304,0.688227244,0.657558204,0.65288387
34.018,-84.2856,0.335196516,0.604135852,0.805981321,0.608232583,0.652785965
33.71,-84.2524,0.156197515,0.546219787,0.674547755,0.63882149,0.652639354
33.808,-84.2026,0.193102609,0.589723183,0.729757605,0.64620437,0.652590549
33.948,-84.3188,0.160360232,0.628356591,0.68819386,0.679085911,0.651959062
33.724,-84.435,0.417938361,0.853824105,0.705872521,0.586768057,0.651862396
33.78,-84.2856,0.277048738,0.600122371,0.688561335,0.617364247,0.651428992
33.654,-84.4682,0.293091427,0.647121432,0.775556077,0.595253341,0.650759924
33.696,-84.2192,0.164901706,0.521775143,0.752274194,0.610566701,0.649533566
33.682,-84.2524,0.162103186,0.58098815,0.790814662,0.586197989,0.649533566
33.878,-84.3022,0.155839014,0.583208634,0.751471901,0.572583953,0.649533566
33.724,-84.2856,0.303456292,0.726041209,0.800037612,0.613324259,0.649160377
33.892,-84.3188,0.380388155,0.648283502,0.559186688,0.602111109,0.649113865
33.85,-84.352,0.320851159,0.698718837,0.689770785,0.571853144,0.648465811
33.724,-84.269,0.45814127,0.824467057,0.830523206,0.608153514,0.648281719
33.752,-84.3188,0.190393911,0.536868949,0.76900394,0.619851417,0.648235769
33.752,-84.2192,0.365154211,0.748795289,0.806895473,0.628748075,0.648189849
33.696,-84.186,0.220133097,0.695269193,0.683355701,1.000002397,0.648143958
34.06,-84.2026,0.153316247,0.570006426,0.774700617,0.61646547,0.648143958
33.752,-84.1528,0.290370767,0.782351814,0.736940419,0.602038917,0.64800646
33.766,-84.2856,0.280067441,0.621171588,0.751926538,0.6670886,0.647914939
34.074,-84.3188,0.359753353,0.642489951,0.738026987,0.560344329,0.647550019
33.878,-84.3686,0.067644946,0.457081458,0.73315924,0.540698315,0.647459078
33.892,-84.4018,0.196008165,0.500652589,0.814463442,0.657398777,0.647141684
34.074,-84.2192,0.067644946,0.457081458,0.725434924,0.543764987,0.646421432
33.934,-84.3354,0.245809524,0.578611552,0.748262042,0.579362758,0.646242492
33.682,-84.352,0.206894398,0.586735235,0.832853818,0.566250077,0.646197827
33.696,-84.2856,0.288989607,0.701343941,0.723888562,0.601178647,0.646153189
33.934,-84.3686,0.334134547,0.665784142,0.699460477,0.594026851,0.645930416
33.934,-84.2856,0.164901706,0.521775143,0.746898707,0.683250886,0.645797083
33.696,-84.4018,0.393903093,0.687014429,0.816464439,0.539962238,0.645708332
34.018,-84.3354,0.260048049,0.641385454,0.693713156,0.638087066,0.645575411
33.822,-84.186,0.142544578,0.551953971,0.866557949,0.601607398,0.645531159
34.018,-84.2524,0.099598159,0.454769871,0.748683408,0.630914066,0.645266217
33.696,-84.1196,0.275026795,0.67860539,0.731348014,0.62233447,0.645266217
34.088,-84.2026,0.164901706,0.521775143,0.757622521,0.533813771,0.644477216
33.696,-84.435,0.341995392,0.649532756,0.792654771,0.742907749,0.643956003
33.71,-84.3354,0.474930466,0.791687267,0.756261212,0.60182281,0.643912739
33.892,-84.2358,0.379589623,0.785986189,0.677098086,0.745336482,0.643481537
33.668,-84.3354,0.266163727,0.714179733,0.654001186,0.522931716,0.64305292
33.668,-84.2192,0.357343172,0.792226677,0.760147693,0.590721488,0.642626859
33.71,-84.1528,0.24766422,0.634638607,0.63612037,0.594090839,0.642414777
33.808,-84.3188,0.38811101,0.885837589,0.78243196,0.609028393,0.641740322
33.906,-84.3188,0.113160901,0.511722789,0.787574431,0.552171448,0.641530856
34.004,-84.3354,0.335196516,0.604135852,0.801269312,0.532556222,0.641405472
33.724,-84.3354,0.509466092,0.799659126,0.658489012,0.623313765,0.640204664
34.074,-84.3354,0.254369481,0.613200671,0.637175514,0.555298113,0.639917825
33.766,-84.1528,0.136820133,0.570530989,0.742848531,0.615226671,0.639104604
34.046,-84.2524,0.067644946,0.457081458,0.734487034,0.56554745,0.639104604
33.724,-84.0864,0.241459683,0.652879908,0.681088857,0.549926719,0.638943072
33.738,-84.2026,0.461986433,0.846857619,0.753696972,0.581386002,0.638781905
33.976,-84.3354,0.13894849,0.711424923,0.594266962,0.613580577,0.638661271
33.738,-84.4184,0.525051246,0.938037649,0.871783375,0.643132882,0.638500742
33.948,-84.352,0.105708142,0.540299045,0.67745938,0.577599625,0.638420614
33.682,-84.2192,0.250979761,0.67083936,0.673336234,0.589456464,0.638140877
33.878,-84.352,0.099598159,0.454769871,0.751885811,0.536284196,0.638061154
33.92,-84.3022,0.113160901,0.511722789,0.787574431,0.595188219,0.637901977
34.032,-84.3188,0.4758245,0.683154397,0.835671966,0.550633531,0.637901977
33.598,-84.4848,0.260134142,0.626187721,0.692310705,0.648986407,0.637822522
34.046,-84.2192,0.226584444,0.67268557,0.684214523,0.576223176,0.637624275
33.948,-84.2856,0.340029446,0.64917409,0.674055836,0.58501685,0.637032838
33.724,-84.1196,0.319343433,0.713242763,0.668379698,0.589755453,0.636993584
34.032,-84.3354,0.307737769,0.714380137,0.690493429,0.617545426,0.636954352
33.64,-84.2358,0.247907474,0.654534543,0.739619608,0.547699912,0.636719415
33.64,-84.4682,0.314133912,0.653231042,0.830105916,0.543880547,0.636680334
33.934,-84.352,0.10334105,0.541682304,0.682585529,0.568492332,0.636563222
33.738,-84.1528,0.335613722,0.788976136,0.73009657,0.606206321,0.636524227
33.738,-84.2192,0.346034236,0.705262193,0.699746006,0.612224563,0.636329577
33.71,-84.435,0.206894398,0.586735235,0.840270145,0.574828095,0.636329577
33.668,-84.4848,0.278098625,0.645043451,0.684393629,0.621560896,0.636251867
33.738,-84.2856,0.236683496,0.673563687,0.597309854,0.581070573,0.636213044
33.822,-84.2026,0.15606654,0.553391393,0.784272144,0.645390333,0.635864593
33.752,-84.4184,0.417889761,0.815506639,0.625720137,0.7141672,0.635710275
33.836,-84.4018,0.099598159,0.454769871,0.751885811,0.580392388,0.635710275
33.724,-84.2192,0.335196516,0.604135852,0.800876413,0.769778891,0.634905597
33.836,-84.2192,0.216435208,0.652705563,0.642574542,0.638944636,0.634829437
33.962,-84.269,0.196008165,0.500652589,0.853241496,0.654587107,0.63460145
34.088,-84.3354,0.190393911,0.536868949,0.775748537,0.629606442,0.634563524
33.864,-84.2358,0.190238144,0.585279834,0.689741613,0.582932653,0.634563524
33.864,-84.2524,0.403800207,0.682694123,0.545125266,0.719367626,0.634487732
33.724,-84.1362,0.40292663,0.729011123,0.713471136,0.595253341,0.634449867
34.06,-84.1694,0.324420488,0.645496115,0.651427,0.551479517,0.634412023
33.654,-84.3686,0.271669809,0.761509848,0.768511668,0.558006178,0.634374198
33.752,-84.2856,0.252065462,0.629629843,0.703836243,0.603130047,0.634336393
33.64,-84.5014,0.206894398,0.586735235,0.814061135,0.534650673,0.63392188
33.934,-84.3188,0.303861007,0.662460293,0.709274553,0.627166532,0.633809252
34.074,-84.4018,0.067644946,0.457081458,0.733593243,0.634293867,0.63362194
34.046,-84.3852,0.099598159,0.454769871,0.749851338,0.56265587,0.633323272
33.654,-84.5346,0.26030607,0.632437964,0.734428755,0.531512625,0.633211598
33.92,-84.2856,0.429961923,0.806982841,0.802819741,0.617273838,0.633100101
33.668,-84.518,0.371381148,0.821234495,0.770001338,0.552603729,0.632951712
33.85,-84.3022,0.481095164,0.975691448,0.785773083,0.570683224,0.632877635
33.682,-84.3852,0.38776288,0.745056717,0.868742242,0.606900853,0.63254525
33.85,-84.1694,0.237005323,0.630309495,0.709499229,0.569973855,0.632177769
33.752,-84.2026,0.697466443,0.869458706,0.902174132,0.584794283,0.632031313
33.92,-84.352,0.105708142,0.540299045,0.684948945,0.562186663,0.631921671
34.074,-84.2358,0.067644946,0.457081458,0.725434924,0.658846297,0.631448524
34.046,-84.352,0.150319128,0.587574749,0.731658935,0.552904794,0.631448524
33.724,-84.2358,0.288415085,0.678525985,0.546995135,0.609268973,0.631267391
34.06,-84.3686,0.190393911,0.536868949,0.768996594,0.571717048,0.631014587
33.864,-84.269,0.287483485,0.684521791,0.71109027,0.604989013,0.630726782
33.878,-84.4018,0.067644946,0.457081458,0.735012298,0.611806289,0.630655014
34.018,-84.3022,0.305627246,0.728633974,0.687742923,0.567551885,0.630404406
33.878,-84.269,0.36233511,0.79212859,0.747670296,0.622724526,0.63019031
33.682,-84.269,0.402833389,0.795823798,0.925218034,0.546299486,0.62972867
34.046,-84.3686,0.280067441,0.621171588,0.746733477,0.598252161,0.629375624
33.668,-84.3188,0.255418451,0.680079219,0.621164215,0.554467025,0.629305227
33.738,-84.103,0.347158362,0.640369336,0.65765211,0.552270935,0.629094463
33.668,-84.3686,0.477513267,0.734170485,0.78652692,0.612392595,0.628989319
33.682,-84.2026,0.10334105,0.541682304,0.682843029,0.634989751,0.628535515
33.71,-84.1362,0.329588366,0.727119458,0.682775256,0.582986651,0.628431208
34.046,-84.1528,0.315700078,0.631665793,0.606920929,0.534725088,0.628361756
34.088,-84.3022,0.15606654,0.553391393,0.784119365,0.587227728,0.627946493
34.032,-84.3022,0.304806552,0.720052605,0.593216622,0.611722943,0.627396625
33.626,-84.4682,0.144515837,0.544570917,0.832826952,0.567044763,0.626987051
33.71,-84.4516,0.294484277,0.682695116,0.707199279,0.655512328,0.626783164
33.934,-84.4018,0.245809524,0.578611552,0.738921954,0.606283138,0.62674924
33.654,-84.4848,0.261319826,0.699573838,0.609586947,0.590965235,0.62651224
33.668,-84.5346,0.525881312,0.931963873,0.646853661,0.521171707,0.626444673
33.752,-84.186,0.375842645,0.801224993,0.776324195,0.563844523,0.626276042
33.738,-84.3354,0.291430855,0.78061853,0.787098694,0.656292427,0.626074224
33.836,-84.3354,0.218220977,0.712638595,0.73698756,0.628641517,0.625106941
33.766,-84.186,0.310319686,0.619132609,0.672057875,0.616198118,0.624842458
33.836,-84.3188,0.407153522,0.802027902,0.690608137,0.700068892,0.624743535
33.766,-84.2192,0.299268486,0.637288049,0.640576435,0.589995631,0.62448043
33.878,-84.2524,0.288989607,0.701343941,0.622623974,0.587516675,0.624218318
34.102,-84.3686,0.067644946,0.457081458,0.729489132,0.613324259,0.624185623
34.004,-84.269,0.261327349,0.554250384,0.723209136,0.541610387,0.624022382
33.682,-84.4018,0.144515837,0.544570917,0.803488181,0.638698557,0.623664598
33.724,-84.4848,0.2002481,0.629823127,0.736959872,0.579158794,0.623534952
34.06,-84.4184,0.223146132,0.659086585,0.650854485,0.520857368,0.623437876
33.71,-84.3022,0.40328493,0.818319203,0.638577336,0.748860944,0.623373234
33.864,-84.2026,0.148561132,0.554394017,0.791087627,0.561181982,0.623244132
33.71,-84.2358,0.260134142,0.626187721,0.688277898,0.588803455,0.62193453
33.696,-84.3354,0.27106628,0.703801304,0.823322509,0.593263805,0.621618843
34.074,-84.269,0.340001641,0.741560413,0.919152165,0.588567603,0.621618843
33.612,-84.4848,0.281453655,0.791883684,0.723474567,0.59983882,0.621210595
33.738,-84.435,0.264413768,0.697217173,0.784304035,0.62982269,0.621179291
33.836,-84.352,0.113160901,0.511722789,0.787285439,0.585914814,0.621179291
33.794,-84.1694,0.438468515,0.755430686,0.773162243,0.584296277,0.621022984
33.948,-84.3852,0.113160901,0.511722789,0.772063555,0.662852217,0.620991765
34.046,-84.3354,0.362038892,0.682771281,0.740942813,0.595514475,0.620991765
33.64,-84.518,0.581290452,0.938538662,0.79515718,0.548163635,0.620991765
34.06,-84.352,0.067644946,0.457081458,0.722929558,0.571445728,0.620929369
33.794,-84.4184,0.28174645,0.652180101,0.880303184,0.585520429,0.619969389
33.976,-84.3686,0.113160901,0.511722789,0.786824497,0.520098247,0.619907911
33.71,-84.186,0.365352529,0.627077973,0.713519175,0.592322253,0.619601344
33.71,-84.4018,0.407854811,0.818851469,0.650611507,0.59263461,0.619144039
33.682,-84.4848,0.469380844,0.779284874,0.659763423,0.619290886,0.618961965
33.766,-84.2026,0.303899271,0.632630023,0.713777528,0.564690209,0.618931665
34.032,-84.1362,0.067644946,0.457081458,0.73315924,0.548630915,0.618931665
33.738,-84.1196,0.193431949,0.706713846,0.56207223,0.581650041,0.618328474
33.878,-84.2358,0.148561132,0.554394017,0.791375171,0.623511298,0.618058756
33.78,-84.1694,0.274904135,0.699076044,0.602832447,0.562970643,0.617700771
33.654,-84.3022,0.169345559,0.588530728,0.752116806,0.533521189,0.616960916
33.696,-84.1362,0.41215341,0.789570443,0.737086263,0.704393838,0.616345549
33.78,-84.4184,0.21820991,0.755317317,0.807193816,0.555402789,0.61628723
33.752,-84.3022,0.31294201,0.803908467,0.80481831,0.647027743,0.615938354
33.738,-84.1362,0.209068269,0.597971629,0.741066053,0.58933725,0.615735662
33.906,-84.352,0.149819898,0.502771908,0.814702883,0.554192468,0.615735662
33.808,-84.4184,0.392693449,0.805403508,0.672555766,0.537130991,0.615418353
34.032,-84.2524,0.148561132,0.554394017,0.791220539,0.550730549,0.615303333
33.71,-84.5014,0.185517375,0.64693938,0.662998936,0.611390575,0.615245895
34.004,-84.3022,0.245809524,0.578611552,0.746860723,0.593835261,0.615102511
34.032,-84.352,0.136820133,0.570530989,0.748167536,0.584186126,0.615016625
33.71,-84.518,0.224432664,0.662545971,0.870658458,0.610077136,0.614788122
33.696,-84.4848,0.236683496,0.673563687,0.597130122,0.656922572,0.614617244
33.934,-84.3022,0.385285565,0.83200582,0.696978835,0.603350422,0.614503563
33.724,-84.3188,0.314729121,0.761785372,0.680968981,0.58223475,0.614503563
33.654,-84.2192,0.268787879,0.652966745,0.708538654,0.580496262,0.614276766
33.962,-84.3188,0.067644946,0.457081458,0.731165273,0.569228755,0.614276766
33.766,-84.4184,0.144515837,0.544570917,0.832826952,0.63993757,0.613853546
33.682,-84.1694,0.280557564,0.633301501,0.552520861,0.60305675,0.613825423
34.046,-84.2856,0.371994282,0.766096974,0.738954987,0.578048403,0.613741128
33.92,-84.4018,0.113160901,0.511722789,0.790625827,0.614441993,0.612682312
33.682,-84.1528,0.206993917,0.653665082,0.61743589,0.560344329,0.612682312
33.822,-84.4184,0.250022205,0.660442,0.668781784,0.544842435,0.612682312
33.892,-84.3354,0.113160901,0.511722789,0.78315381,0.572400463,0.612516626
33.724,-84.4516,0.380388155,0.648283502,0.558071772,0.596969414,0.612406392
33.836,-84.1694,0.20090629,0.55510643,0.728012568,0.610977388,0.612351341
33.668,-84.352,0.562824512,0.85507249,0.814303811,0.565670873,0.612351341
33.556,-84.4682,0.45852304,0.830012665,0.825291339,0.597237414,0.612296335
34.046,-84.3188,0.374850954,0.663548516,0.809728954,0.575545888,0.611994596
33.682,-84.2856,0.193793906,0.605567459,0.777725831,0.53069546,0.611939878
34.088,-84.2856,0.305627246,0.728633974,0.687723274,0.615843267,0.61158528
33.85,-84.4184,0.099598159,0.454769871,0.82331718,0.69867901,0.611503712
33.85,-84.4018,0.067644946,0.457081458,0.779950848,0.571490867,0.611449387
33.654,-84.2358,0.277424879,0.768199661,0.84380327,0.829896353,0.611178414
34.06,-84.186,0.335196516,0.604135852,0.801128341,0.610321478,0.611178414
34.004,-84.3188,0.337089618,0.751790801,0.700792865,0.559779597,0.611178414
33.654,-84.4184,0.142544578,0.551953971,0.931189556,0.504829556,0.610854668
33.836,-84.2856,0.303861007,0.662460293,0.712703504,0.650854075,0.610773972
33.724,-84.5346,0.113160901,0.511722789,0.772225772,0.522245368,0.610720228
33.822,-84.3022,0.15606654,0.553391393,0.784309959,0.644319131,0.610586054
34.06,-84.269,0.113160901,0.511722789,0.782921167,0.58909947,0.610559251
34.032,-84.2856,0.067644946,0.457081458,0.726318432,0.550279104,0.610559251
33.682,-84.3354,0.345645325,0.730077223,0.791775939,0.541610387,0.610425394
33.738,-84.0864,0.306141769,0.651476267,0.749000026,0.54279156,0.610398655
33.71,-84.4682,0.379876065,0.797700596,0.711972808,0.558261667,0.610158471
33.92,-84.3188,0.33417771,0.687012094,0.717753295,0.676363054,0.610131837
34.032,-84.1528,0.364156539,0.604906704,0.69100026,0.568234454,0.609839546
33.822,-84.269,0.13894849,0.711424923,0.594330145,0.642352849,0.609760048
33.878,-84.2192,0.148561132,0.554394017,0.796467848,0.608948389,0.609707101
33.864,-84.4018,0.149819898,0.502771908,0.830694804,0.569185199,0.609337629
34.102,-84.3354,0.190238144,0.585279834,0.69239618,0.90500839,0.609285011
33.71,-84.0698,0.366852262,0.752876985,0.76964004,0.559443201,0.609232434
33.696,-84.2026,0.410826418,0.799706986,0.714988019,0.580861141,0.609206162
33.836,-84.186,0.364156539,0.604906704,0.694589145,0.497495195,0.609153646
33.808,-84.1528,0.416680629,0.66660749,0.657807811,0.608470343,0.60894399
33.738,-84.3188,0.224917878,0.652530639,0.77332839,0.620133403,0.60787959
33.64,-84.4848,0.260134142,0.626187721,0.69000984,0.597776682,0.607802362
33.836,-84.3022,0.113160901,0.511722789,0.785744615,0.630914066,0.607596849
34.088,-84.4184,0.113160901,0.511722789,0.78054947,0.544725025,0.607417538
34.074,-84.186,0.099598159,0.454769871,0.749018938,0.534034158,0.607391961
34.046,-84.4018,0.316652505,0.71283898,0.749449169,0.531512625,0.607315288
33.864,-84.186,0.32295731,0.840003069,0.808349774,0.525996015,0.607187692
34.018,-84.2358,0.099598159,0.454769871,0.748683408,0.534799595,0.607162202
33.57,-84.4848,0.380388155,0.648283502,0.559260626,0.581597147,0.607136721
33.738,-84.5014,0.23194272,0.696280718,0.66553684,0.624910014,0.60708579
34.088,-84.3852,0.113160901,0.511722789,0.78054947,0.580392388,0.606477585
33.808,-84.3852,0.47901134,0.787036574,0.694053181,0.543592062,0.606351564
34.018,-84.352,0.148561132,0.554394017,0.787804545,0.606591288,0.606225778
33.92,-84.4184,0.149819898,0.502771908,0.830694804,0.736023733,0.605774883
33.696,-84.3022,0.353626867,0.696712702,0.714938413,0.917006242,0.605675094
33.92,-84.3354,0.317284109,0.671243976,0.768175088,0.580652386,0.605500816
34.102,-84.3852,0.067644946,0.457081458,0.729489132,0.578148558,0.605376609
33.626,-84.4848,0.260134142,0.626187721,0.69000984,0.547792374,0.605252629
33.682,-84.1196,0.450699227,0.825767036,0.74204074,0.560193232,0.604980678
33.948,-84.3022,0.332350644,0.589839309,0.708347288,0.621081776,0.60493135
33.654,-84.2856,0.203214154,0.614463828,0.747747784,0.525251677,0.6049067
33.584,-84.5014,0.496686824,0.819249885,0.684211603,0.628322813,0.604587066
33.822,-84.2856,0.246176621,0.653141166,0.716822878,0.684844917,0.604538025
34.074,-84.2524,0.31513549,0.787235998,0.756767084,0.656135738,0.604513519
33.682,-84.518,0.422003622,0.946932875,0.758571344,0.584683285,0.604415583
34.032,-84.2358,0.067644946,0.457081458,0.766289724,0.59942125,0.604195747
34.004,-84.2524,0.099598159,0.454769871,0.751885811,0.629714483,0.603806694
33.962,-84.2856,0.19825819,0.492503783,0.711286207,0.551022535,0.603564678
33.682,-84.186,0.258970661,0.713175394,0.726254611,0.617364247,0.603251357
34.088,-84.269,0.305627246,0.728633974,0.687723274,0.598593883,0.602510065
33.682,-84.103,0.382513433,0.779285205,0.881140247,0.530811507,0.602438761
33.906,-84.3354,0.067644946,0.457081458,0.735033753,0.648421332,0.602272679
34.032,-84.3686,0.460665448,0.665206262,0.700946893,0.625112152,0.602130649
33.822,-84.4516,0.309573345,0.750182168,0.810282826,0.563684725,0.601871045
33.864,-84.4516,0.10334105,0.541682304,0.68051613,0.677816964,0.601635911
33.962,-84.3022,0.149819898,0.502771908,0.812493781,0.570062093,0.601612442
34.004,-84.2856,0.488896233,0.813298789,0.753010628,0.606823328,0.601401601
33.808,-84.3022,0.360277275,0.827404105,0.727300779,0.570906541,0.601238072
33.836,-84.4184,0.113160901,0.511722789,0.771954667,0.615931808,0.600958664
34.046,-84.2026,0.113160901,0.511722789,0.789635268,0.635810385,0.600657286
34.046,-84.1694,0.067644946,0.457081458,0.733770631,0.56360498,0.600657286
33.696,-84.5014,0.453105405,0.832597162,0.772609865,0.594540496,0.600541733
33.766,-84.1362,0.143025419,0.589603657,0.705309851,0.570460692,0.599601673
33.738,-84.5346,0.425772957,0.703801378,0.812210189,0.513820678,0.599556154
33.99,-84.3188,0.196008165,0.500652589,0.819232732,0.570594119,0.599170491
33.99,-84.3686,0.334134547,0.665784142,0.699391588,0.512281452,0.59894467
33.892,-84.352,0.149819898,0.502771908,0.814702883,0.60305675,0.598832047
33.752,-84.435,0.286808064,0.712705944,0.963562679,0.576956882,0.598450545
33.71,-84.4848,0.255940415,0.681236953,0.662584936,0.571445728,0.597871274
34.088,-84.3188,0.280067441,0.621171588,0.747062327,0.55233735,0.597649816
33.668,-84.2026,0.153316247,0.570006426,0.777322904,0.624007607,0.597517295
33.724,-84.3022,0.350800382,0.798753371,0.801074958,0.628216901,0.597407062
33.668,-84.5512,0.205748244,0.613307939,0.747415726,0.584296277,0.597143247
34.032,-84.3852,0.113160901,0.511722789,0.790504046,0.564084986,0.596509994
33.57,-84.5014,0.18275032,0.604799303,0.821556786,0.596304114,0.59614157
33.836,-84.1528,0.149819898,0.502771908,0.780109152,0.652621968,0.5959689
33.556,-84.4848,0.375842645,0.801224993,0.775526449,0.585801889,0.595560605
33.71,-84.3188,0.271826502,0.694835009,0.773405337,0.670623117,0.595112244
33.794,-84.435,0.293749484,0.843146896,0.904739803,0.545969333,0.595090969
33.598,-84.5014,0.193793906,0.605567459,0.777390108,0.549862867,0.59473034
33.724,-84.4682,0.156197515,0.546219787,0.672894906,0.670623117,0.593931275
34.116,-84.3686,0.196008165,0.500652589,0.816560828,0.718654318,0.5938686
33.738,-84.3022,0.225316202,0.612566969,0.755789492,0.594090839,0.593847723
33.738,-84.4848,0.297312871,0.699715157,0.764571846,0.632922387,0.593493801
34.102,-84.352,0.196008165,0.500652589,0.816560828,0.578550749,0.593203756
33.752,-84.5014,0.144515837,0.544570917,0.784845934,0.630475473,0.593183087
34.046,-84.3022,0.374559751,0.774614236,0.721753619,0.545196039,0.593038587
33.906,-84.4018,0.149819898,0.502771908,0.830694804,0.564730766,0.592606978
33.654,-84.352,0.610191527,0.807768622,0.80709288,0.527910442,0.592382022
33.906,-84.4184,0.067644946,0.457081458,0.727177804,0.667452831,0.592198536
33.892,-84.4184,0.113160901,0.511722789,0.794436873,0.561720953,0.592178181
34.102,-84.2856,0.113160901,0.511722789,0.7746394,0.608549784,0.59209682
33.794,-84.1528,0.156197515,0.546219787,0.673042666,0.534156951,0.591308793
34.102,-84.3188,0.15606654,0.553391393,0.784119365,0.541499093,0.590988212
33.724,-84.0698,0.215110631,0.662545241,0.730174752,0.511013305,0.590928277
33.668,-84.269,0.253279034,0.596029181,0.699245541,0.546419989,0.590569813
33.766,-84.435,0.142544578,0.551953971,0.874093609,0.626131759,0.590213296
33.738,-84.4516,0.234721385,0.779078954,0.856368902,0.572767976,0.589819425
33.864,-84.4184,0.099598159,0.454769871,0.820313488,0.563406058,0.589310907
33.808,-84.435,0.28174645,0.652180101,0.880303184,0.523196301,0.589291427
34.046,-84.269,0.246176621,0.653141166,0.718851546,0.631134396,0.589174671
33.668,-84.2856,0.255940415,0.681236953,0.661081856,0.548818833,0.588228875
34.088,-84.2358,0.099598159,0.454769871,0.751885811,0.560685645,0.58813313
33.668,-84.1694,0.248147495,0.655573648,0.713289153,0.572446285,0.587999322
34.032,-84.2192,0.113160901,0.511722789,0.780301749,0.560495795,0.587694501
33.822,-84.1528,0.303899271,0.632630023,0.710550997,0.566918618,0.587580559
34.032,-84.2026,0.340029446,0.64917409,0.674055836,0.589755453,0.587542622
33.64,-84.5512,0.314162981,0.697287972,0.597184979,0.528243095,0.587089095
34.116,-84.3852,0.067644946,0.457081458,0.729489132,0.541721887,0.586751006
33.668,-84.5014,0.509163639,0.885872675,0.737071579,0.563565145,0.586732276
33.752,-84.103,0.140356417,0.589246776,0.690735247,0.570106258,0.586657403
33.654,-84.5512,0.415582481,0.673723237,0.651270867,0.536770275,0.58662
33.654,-84.2026,0.153316247,0.570006426,0.777322904,0.568492332,0.586470599
34.088,-84.2192,0.067644946,0.457081458,0.729123089,0.511145469,0.586247139
33.682,-84.3022,0.189678658,0.628848341,0.759175562,0.61845856,0.585987401
33.822,-84.1694,0.20090629,0.55510643,0.728012568,0.548944436,0.58591338
33.976,-84.3188,0.196008165,0.500652589,0.819232732,0.548630915,0.58591338
33.752,-84.518,0.424320489,0.782707369,0.822222212,0.592011372,0.585049883
33.808,-84.4516,0.282191208,0.810021759,0.883186263,0.53179542,0.584740355
33.878,-84.4184,0.245809524,0.578611552,0.75439226,0.584461855,0.58466774
34.102,-84.269,0.259052324,0.652791842,0.734039574,0.594283175,0.584450377
33.64,-84.5346,0.314162981,0.697287972,0.597184979,0.574165355,0.584414221
34.032,-84.4018,0.067644946,0.457081458,0.778588016,0.519196467,0.584179693
33.668,-84.1196,0.266632289,0.785985825,0.992407529,0.570638656,0.584089716
33.808,-84.4848,0.598237271,0.939185595,0.782331122,0.573091299,0.584035789
33.654,-84.269,0.326738896,0.661117793,0.716271663,0.546239325,0.583892204
34.046,-84.186,0.305627246,0.728633974,0.685384313,0.568578526,0.583874277
33.71,-84.5346,0.183815409,0.64157234,0.841075707,0.532174597,0.583409935
33.696,-84.3188,0.236114559,0.675862981,0.961899001,0.585689159,0.583356569
33.682,-84.5014,0.161121993,0.692794742,0.753812547,0.673934297,0.583285485
33.752,-84.0864,0.26030607,0.632437964,0.735595615,0.57402423,0.583196738
33.724,-84.5512,0.322235969,0.654101161,0.679585597,0.516919469,0.583072697
33.668,-84.2524,0.326738896,0.661117793,0.716271663,0.546389841,0.581845184
34.102,-84.3022,0.277048738,0.600122371,0.685939479,0.523729111,0.581585149
33.668,-84.103,0.343174256,0.830820067,0.848130305,0.528398983,0.581550556
33.808,-84.4682,0.217342934,0.817340049,0.900645781,0.601107456,0.581377871
33.626,-84.5014,0.237964466,0.640923828,0.597930665,0.52412158,0.58134339
33.682,-84.5512,0.322235969,0.654101161,0.677442917,0.551414025,0.581308927
34.032,-84.1694,0.122111578,0.582961426,0.694935856,0.657558204,0.581222848
33.668,-84.3022,0.251994782,0.674041675,0.613627205,0.608153514,0.581222848
34.004,-84.2358,0.099598159,0.454769871,0.751885811,0.539557174,0.580965302
33.752,-84.1362,0.264840064,0.719400145,0.716184236,0.552138321,0.580913915
33.808,-84.1362,0.302680003,0.658831729,0.579799182,0.547761539,0.580572382
33.822,-84.435,0.227752235,0.652441569,0.642520521,0.545790002,0.580521307
33.738,-84.0698,0.434308599,0.844281424,0.704473886,0.504270381,0.58041928
34.018,-84.2192,0.067644946,0.457081458,0.732450954,0.545166492,0.579508224
33.668,-84.1528,0.380388155,0.648283502,0.558032762,0.546843642,0.579407786
34.032,-84.186,0.122111578,0.582961426,0.694935856,0.66781886,0.579391061
34.116,-84.3354,0.190238144,0.585279834,0.69239618,0.549007334,0.579340914
34.088,-84.2524,0.45804912,0.858054358,0.691287277,0.54869349,0.579257423
33.584,-84.518,0.243783572,0.646491381,0.82975729,0.594928367,0.578758734
33.682,-84.1362,0.450699227,0.825767036,0.74204074,0.663714976,0.578742178
33.696,-84.518,0.341995392,0.649532756,0.800600006,0.594540496,0.57852733
33.752,-84.0698,0.483867756,0.809104297,0.784289131,0.57203506,0.57816537
33.976,-84.3022,0.245809524,0.578611552,0.738725295,0.581544296,0.577496201
33.654,-84.2524,0.347399171,0.774405093,0.783389859,0.602473237,0.57705931
33.794,-84.1362,0.469553739,0.659341536,0.700438695,0.5458796,0.576850012
33.99,-84.2856,0.113160901,0.511722789,0.783286655,0.546570954,0.576689476
33.738,-84.4682,0.15606654,0.553391393,0.781949229,0.565015398,0.576641394
33.682,-84.3188,0.308932822,0.674438613,0.640898115,0.551577888,0.576353656
33.766,-84.5014,0.18275032,0.604799303,0.821780753,0.677398686,0.576098971
33.822,-84.4682,0.598237271,0.939185595,0.782331122,0.552237755,0.575639919
34.102,-84.4184,0.237005323,0.630309495,0.711710846,0.500601215,0.575513862
33.906,-84.435,0.099598159,0.454769871,0.788997912,0.547331462,0.575482387
33.78,-84.1528,0.13894849,0.711424923,0.594432741,0.503658768,0.575027725
33.864,-84.435,0.196008165,0.500652589,0.836627426,0.5652604,0.574980875
33.752,-84.4848,0.142544578,0.551953971,0.878521201,0.584296277,0.57459179
33.682,-84.5346,0.54798878,0.976136525,0.784363715,0.592011372,0.574097196
33.696,-84.5346,0.573377854,0.936915345,0.734240683,0.559854599,0.573928062
33.668,-84.186,0.199655674,0.631763793,0.655254321,0.56360498,0.573545325
34.004,-84.2192,0.067644946,0.457081458,0.732450954,0.541721887,0.573438569
33.822,-84.1362,0.303899271,0.632630023,0.710550997,0.533764908,0.573180047
33.752,-84.4516,0.368436998,0.725595539,0.781514488,0.542933729,0.572967932
33.654,-84.186,0.233051892,0.648104786,0.760454284,0.556994625,0.57278668
33.78,-84.435,0.155839014,0.583208634,0.750971634,0.661661088,0.572590904
33.99,-84.269,0.155319669,0.606004465,0.685392109,0.554881169,0.572126472
33.766,-84.1196,0.105708142,0.540299045,0.677310222,0.609349357,0.572096625
33.878,-84.435,0.067644946,0.457081458,0.72889104,0.535399037,0.572036972
33.626,-84.5512,0.242394043,0.686862928,0.640266249,0.54584972,0.571962485
33.738,-84.518,0.45919563,0.802216862,0.769258107,0.530672277,0.571917835
34.116,-84.2856,0.164901706,0.521775143,0.747006024,0.623412462,0.571606159
33.85,-84.435,0.167040548,0.601134906,0.715542265,0.593707843,0.571310739
33.752,-84.1196,0.282166462,0.634734753,0.711632045,0.577699082,0.571046032
33.738,-84.5512,0.289375729,0.63934769,0.653958436,0.512721864,0.570899448
34.116,-84.3022,0.256504664,0.6322444,0.730585225,0.562734414,0.570811661
33.794,-84.4516,0.243783572,0.646491381,0.834285879,0.549070297,0.57065103
34.102,-84.2524,0.335196516,0.604135852,0.806240553,0.54353453,0.57059272
33.836,-84.435,0.067644946,0.457081458,0.772066266,0.761614956,0.570418113
33.92,-84.435,0.099598159,0.454769871,0.788997912,0.568020357,0.570360015
33.598,-84.518,0.347669592,0.809471905,0.77982975,0.640313526,0.570142627
33.654,-84.103,0.350055823,0.764685904,0.999771566,0.56265587,0.570084783
33.892,-84.435,0.067644946,0.457081458,0.72889104,0.558115545,0.570041435
33.612,-84.5014,0.150341719,0.580241119,0.696595016,0.535148534,0.569954827
33.78,-84.1362,0.113160901,0.511722789,0.774740021,0.554881169,0.569724448
33.654,-84.1694,0.248147495,0.655573648,0.713289153,0.534675469,0.569323294
33.99,-84.3022,0.364156539,0.604906704,0.691239271,0.572126215,0.568938861
33.556,-84.5014,0.285474043,0.762938389,0.882745531,0.545730343,0.568867924
33.836,-84.4516,0.099598159,0.454769871,0.743570297,0.5652604,0.568373593
34.116,-84.269,0.298771493,0.656865473,0.644404508,0.621560896,0.568162914
33.766,-84.4516,0.142544578,0.551953971,0.903971701,0.559034509,0.567535067
33.57,-84.518,0.433698058,0.819471162,0.824376444,0.568105908,0.567465691
34.018,-84.2026,0.169672267,0.605566458,0.725546285,0.558006178,0.566872184
34.116,-84.3188,0.190238144,0.585279834,0.69239618,0.630148322,0.566830983
33.976,-84.269,0.067644946,0.457081458,0.732770238,0.543448334,0.566680149
33.668,-84.5678,0.143025419,0.589603657,0.70156852,0.525782376,0.566379558
33.71,-84.5512,0.305627246,0.728633974,0.685124783,0.589695546,0.56620261
34.116,-84.352,0.190393911,0.536868949,0.775856226,0.557824328,0.565931349
33.78,-84.4516,0.162103186,0.58098815,0.787268013,0.595318528,0.56567473
34.102,-84.4018,0.226498669,0.610758645,0.729719807,0.510635037,0.565647779
33.766,-84.103,0.262870426,0.627177465,0.703355321,0.579927018,0.565419155
33.794,-84.4848,0.269680962,0.657208578,0.634474206,0.624507495,0.565285058
33.794,-84.4682,0.142544578,0.551953971,0.880150677,0.602400654,0.564711683
33.766,-84.518,0.317166984,0.698076951,0.790996183,0.559667262,0.564632092
34.018,-84.186,0.140356417,0.589246776,0.693596457,0.60991473,0.564512894
33.654,-84.5678,0.300918055,0.703730635,0.686366271,0.543247688,0.563619542
33.752,-84.5346,0.183815409,0.64157234,0.836907783,0.612476766,0.562970699
33.752,-84.4682,0.192616122,0.652618613,0.809181855,0.609591082,0.562584599
33.976,-84.2856,0.113160901,0.511722789,0.794284661,0.550860148,0.562239137
33.682,-84.5678,0.21671645,0.667182677,0.765309923,0.565301328,0.562188119
33.612,-84.518,0.253279034,0.596029181,0.697793433,0.579209724,0.561946352
33.584,-84.5346,0.155839014,0.583208634,0.747867285,0.566084045,0.561718172
33.598,-84.5346,0.32295731,0.840003069,0.809830803,0.560080149,0.561680222
33.738,-84.0532,0.459452455,0.804610143,0.72317063,0.490276829,0.56162966
33.626,-84.518,0.534765782,0.904298591,0.793922043,0.523503095,0.561591763
34.13,-84.3022,0.067644946,0.457081458,0.73315924,0.536156936,0.561541272
33.668,-84.1362,1.000000077,0.848933656,0.728685274,0.606978467,0.560913553
33.836,-84.1362,0.113160901,0.511722789,0.790504046,0.606052948,0.560353961
34.004,-84.2026,0.067644946,0.457081458,0.732450954,0.575114245,0.560255002
33.654,-84.1528,0.451518828,0.751847609,0.623754624,0.526576766,0.560168542
34.018,-84.3852,0.15606654,0.553391393,0.787256015,0.602764358,0.559885301
34.088,-84.4018,0.113160901,0.511722789,0.78054947,0.486120924,0.559603345
33.794,-84.5014,0.249476953,0.673324351,0.673119479,0.55340987,0.559334839
33.78,-84.5014,0.248473108,0.677199266,0.80675493,0.652027862,0.558946343
34.13,-84.352,0.067644946,0.457081458,0.73315924,0.539449618,0.558861683
33.85,-84.4516,0.190393911,0.536868949,0.778394939,0.535198551,0.557735863
33.78,-84.518,0.206894398,0.586735235,0.871501944,0.55596409,0.557605444
33.766,-84.4848,0.268473345,0.718023261,0.584079645,0.576125981,0.556385784
34.13,-84.3354,0.067644946,0.457081458,0.73315924,0.525463378,0.556350956
33.626,-84.5346,0.321262528,0.811209817,0.835751965,0.517823205,0.556258176
33.626,-84.5678,0.281627217,0.700778915,0.637918173,0.531020969,0.555853898
34.13,-84.3188,0.185885665,0.569082179,0.721591989,0.546904407,0.555692923
33.766,-84.0864,0.143025419,0.589603657,0.702683171,0.580392388,0.555475128
33.64,-84.5678,0.300914532,0.689476646,0.640522693,0.556637325,0.555360806
33.766,-84.0698,0.306420729,0.771453624,0.678525834,0.580913436,0.555303725
33.696,-84.5512,0.202787823,0.630116728,0.656614624,0.549799082,0.555087297
33.724,-84.5678,0.322726529,0.68284777,0.683864233,0.550925052,0.555064559
33.738,-84.5678,0.239110171,0.645768845,0.674952725,0.516663849,0.554894291
33.654,-84.1196,0.402833389,0.795823798,0.925927005,0.588449995,0.554747106
34.13,-84.2856,0.149819898,0.502771908,0.78036772,0.580340515,0.554240317
33.766,-84.0532,0.273588751,0.732565567,0.695441326,0.60232815,0.55342696
33.542,-84.5014,0.38776288,0.745056717,0.869523114,0.495396585,0.553250117
33.78,-84.103,0.224917878,0.652530639,0.773326238,0.682132436,0.553183933
33.556,-84.518,0.318448283,0.754241587,0.90767496,0.621081776,0.552843109
34.004,-84.186,0.15606654,0.553391393,0.787310357,0.56827736,0.552733568
33.612,-84.5346,0.302738073,0.754638567,0.730202535,0.537754479,0.552471464
33.57,-84.5346,0.243783572,0.646491381,0.82975729,0.546059197,0.552123723
33.78,-84.1196,0.403800207,0.682694123,0.545156524,0.545403264,0.552112887
33.654,-84.1362,0.657487066,0.835323858,0.69898413,0.635692566,0.551853416
33.794,-84.1196,0.395886806,0.668651979,0.755656582,0.577798694,0.551391256
33.584,-84.5512,0.534765782,0.904298591,0.792338621,0.576809467,0.551081525
33.556,-84.5346,0.465699188,0.877276501,0.788580145,0.561720953,0.550709785
33.654,-84.5844,0.281027843,0.677433034,0.692225575,0.55642393,0.55047727
34.13,-84.269,0.099598159,0.454769871,0.751885811,0.563924575,0.550319244
33.808,-84.1196,0.299268486,0.637288049,0.637680799,0.532580156,0.550298204
33.766,-84.5346,0.224432664,0.662545971,0.866343938,0.526274915,0.549732859
33.64,-84.1694,0.260048049,0.641385454,0.695164937,0.50416798,0.549524791
33.696,-84.5678,0.305627246,0.728633974,0.687847527,0.589815415,0.54877131
33.752,-84.5512,0.183815409,0.64157234,0.836907783,0.533813771,0.548546048
33.766,-84.4682,0.142544578,0.551953971,0.903971701,0.598047968,0.547875212
33.542,-84.518,0.392058963,0.766746263,0.747127379,0.526555153,0.547834792
33.78,-84.4848,0.317166984,0.698076951,0.790409377,0.552270935,0.547502345
33.682,-84.5844,0.167040548,0.601134906,0.714755381,0.585296134,0.547462172
33.78,-84.4682,0.206894398,0.586735235,0.815647817,0.556637325,0.547261702
33.64,-84.5844,0.18404037,0.669140349,0.740440991,0.736908916,0.547041947
33.724,-84.5844,0.276478928,0.700212885,0.753374933,0.521112637,0.546614705
33.752,-84.0366,0.385285565,0.83200582,0.696358844,0.536539533,0.546387407
33.668,-84.5844,0.299942947,0.648105452,0.728899365,0.534403298,0.546288847
33.598,-84.5512,0.284400696,0.740244294,0.761163557,0.5678496,0.54452249
33.64,-84.1196,0.366852262,0.752876985,0.768417816,0.565056167,0.544321955
33.612,-84.5512,0.260903,0.734661613,0.804683418,0.52886914,0.543620564
34.144,-84.3188,0.185885665,0.569082179,0.721591989,0.519139383,0.543611142
33.57,-84.5512,0.322940231,0.858592918,0.96504125,0.559294274,0.543188634
34.144,-84.2856,0.149819898,0.502771908,0.78036772,0.539235081,0.542824838
33.78,-84.0864,0.303312097,0.661032969,0.809377699,0.543161902,0.542435496
33.696,-84.5844,0.167040548,0.601134906,0.714755381,0.567764395,0.542149728
33.612,-84.5678,0.212927833,0.742632683,0.806035668,0.533838218,0.542048651
34.144,-84.352,0.099598159,0.454769871,0.748976884,0.572308915,0.54137306
33.64,-84.1362,0.300825127,0.714646557,0.588630365,0.561566485,0.539999848
33.64,-84.103,0.424320489,0.782707369,0.821180385,0.54353453,0.539884603
33.99,-84.2026,0.15606654,0.553391393,0.787310357,0.534799595,0.539681253
34.144,-84.3354,0.149819898,0.502771908,0.827480978,0.600894334,0.538979267
34.144,-84.269,0.196008165,0.500652589,0.819504267,0.528354401,0.538813747
33.794,-84.103,0.372814388,0.676176387,0.631959383,0.58904016,0.538492728
33.752,-84.0532,0.360277275,0.827404105,0.726426731,0.51239969,0.53829404
33.584,-84.5678,0.419030123,0.816268339,0.771289964,0.555577649,0.538276793
33.654,-84.601,0.224917878,0.652530639,0.772581352,0.56988574,0.538207859
33.71,-84.5844,0.246175348,0.683686843,0.651887805,0.538200086,0.537047972
33.99,-84.2524,0.099598159,0.454769871,0.751885811,0.541138804,0.536946703
33.626,-84.5844,0.288989607,0.701343941,0.725242895,0.588744412,0.536828773
33.724,-84.601,0.333511391,0.71491355,0.657723032,0.503341047,0.536585228
33.542,-84.5346,0.56424232,0.855849733,0.822646277,0.52099468,0.536568468
33.556,-84.5512,0.55300889,0.856857349,0.870598302,0.54225435,0.536417842
34.158,-84.352,0.19825819,0.492503783,0.708534354,0.580600303,0.536126045
33.57,-84.5678,0.400619407,0.759795081,0.861540834,0.629606442,0.5361011
34.158,-84.3354,0.149819898,0.502771908,0.827480978,0.57972126,0.53598483
33.71,-84.5678,0.241304253,0.676884398,0.685132356,0.533545517,0.533705903
33.598,-84.5678,0.350800382,0.798753371,0.801644052,0.584351423,0.533466841
34.158,-84.2856,0.196008165,0.500652589,0.819504267,0.51413357,0.532826149
33.668,-84.601,0.245286289,0.737468159,0.95636855,0.564125153,0.53266117
34.158,-84.3188,0.149819898,0.502771908,0.827480978,0.53344827,0.532621957
34.144,-84.3022,0.185885665,0.569082179,0.721591989,0.495546547,0.532355994
33.542,-84.5512,0.442002358,0.808920247,0.754043733,0.519425374,0.532215673
33.654,-84.6176,0.268804665,0.671563802,0.635353737,0.609268973,0.530157419
33.626,-84.1196,0.366852262,0.752876985,0.768417816,0.518798055,0.52999222
33.682,-84.601,0.421114221,0.863018819,0.810441289,0.552204592,0.529707966
33.71,-84.601,0.265972347,0.707677573,0.551829033,0.514941055,0.52948452
33.57,-84.5844,0.291855984,0.824336618,0.811132109,0.634178551,0.528599131
33.64,-84.601,0.218220977,0.712638595,0.738114795,0.550182797,0.527943737
33.584,-84.5844,0.288252713,0.795147216,0.819607684,0.560761747,0.527842443
33.612,-84.5844,0.235742233,0.794323048,0.785286693,0.574828095,0.527827987
33.542,-84.5678,0.474930466,0.791687267,0.755264668,0.578601201,0.52739594
33.696,-84.601,0.228250502,0.687313213,0.588717597,0.52644721,0.527131092
33.626,-84.601,0.395453448,0.699076243,0.731718014,0.557102219,0.526364801
33.556,-84.5844,0.279248632,0.701555974,0.648598614,0.631688268,0.52493733
33.556,-84.5678,0.187012769,0.684902347,0.746269713,0.596569433,0.524444146
33.598,-84.5844,0.366809147,0.853119508,0.783331859,0.665827709,0.524423686
34.172,-84.3354,0.245809524,0.578611552,0.783565072,0.527447872,0.524049872
33.612,-84.601,0.311066427,0.78356912,0.834612941,0.546540731,0.523975396
34.172,-84.3188,0.245809524,0.578611552,0.783565072,0.513751378,0.523968631
33.696,-84.6176,0.235663155,0.687537926,0.62883202,0.517916227,0.521882175
33.626,-84.6176,0.268561488,0.712907286,0.723269055,0.607681038,0.520904916
33.668,-84.6176,0.224917878,0.652530639,0.772581352,0.587343154,0.52081514
33.542,-84.5844,0.383455164,0.715112973,0.859410143,0.553173651,0.520489269
33.64,-84.6176,0.156197515,0.546219787,0.672239912,0.549354439,0.520406497
34.172,-84.352,0.149819898,0.502771908,0.827480978,0.51490571,0.519887107
34.158,-84.269,0.261327349,0.554250384,0.723448844,0.486830915,0.519347351
33.57,-84.601,0.216780479,0.67220645,0.685048094,0.55381694,0.518331844
34.172,-84.2856,0.067644946,0.457081458,0.73315924,0.486026258,0.518307299
33.668,-84.6342,0.267366656,0.716307821,0.649791579,0.567171162,0.518252108
33.654,-84.6342,0.27378984,0.660358287,0.592771055,0.538941343,0.518141884
33.612,-84.6176,0.377570407,0.76029407,0.81125029,0.631466194,0.517976943
33.682,-84.6176,0.729983651,0.871083323,0.777885569,0.510096674,0.51759997
34.172,-84.3022,0.067644946,0.457081458,0.73315924,0.484718095,0.517545455
33.556,-84.601,0.294027472,0.745820517,0.708508544,0.553782914,0.516955147
34.158,-84.3022,0.185885665,0.569082179,0.721591989,0.497197829,0.516901238
33.528,-84.5678,0.383455164,0.715112973,0.859410143,0.684844917,0.516335263
34.186,-84.3188,0.245809524,0.578611552,0.783565072,0.504962813,0.516134052
33.584,-84.601,0.319346381,0.78498163,0.700798311,0.553072693,0.515115242
33.612,-84.6342,0.291898402,0.733553777,0.804957349,0.616376237,0.515103637
33.64,-84.6342,0.156197515,0.546219787,0.672239912,0.56896786,0.514062948
34.186,-84.2856,0.067644946,0.457081458,0.73315924,0.478901115,0.514028773
33.542,-84.601,0.155099155,0.642307105,0.758062741,0.539530266,0.513977547
34.186,-84.3022,0.099598159,0.454769871,0.748976884,0.49060744,0.513739104
33.598,-84.6176,0.352163976,0.766476021,0.747019887,0.5385431,0.513096875
33.528,-84.5844,0.276818532,0.686562196,0.784620011,0.602183377,0.512817461
33.682,-84.6342,0.577125954,0.810387512,0.771622762,0.518121405,0.512784024
33.598,-84.601,0.381901121,0.807260303,0.89824231,0.521586882,0.512711642
33.626,-84.6342,0.175521761,0.633206826,0.734012318,0.652472984,0.512528319
33.668,-84.6508,0.236139302,0.696136265,0.598291885,0.530325637,0.511348172
34.186,-84.269,0.261327349,0.554250384,0.723448844,0.474421524,0.511207104
33.57,-84.6176,0.163009307,0.573135367,0.688937351,0.722286205,0.510737597
33.542,-84.6176,0.213536969,0.664129898,0.690869687,0.56896786,0.510683878
34.172,-84.269,0.261327349,0.554250384,0.723448844,0.472276032,0.509820657
33.64,-84.6508,0.150341719,0.580241119,0.695634757,0.569753796,0.509699159
33.528,-84.601,0.224917878,0.652530639,0.773287966,0.547331462,0.509651689
33.584,-84.6176,0.312856886,0.809288112,0.81026244,0.596436641,0.509609525
33.654,-84.6508,0.270363665,0.651739542,0.651840997,0.522627914,0.508420885
33.598,-84.6342,0.848546845,0.87521453,0.723998095,0.531020969,0.508220046
33.556,-84.6176,0.204877558,0.605238558,0.736570253,0.579567372,0.508204626
33.626,-84.6508,0.228553038,0.657552353,0.655044648,0.603941656,0.506389188
33.57,-84.6342,0.218796223,0.590197386,0.759286985,0.584296277,0.50584937
33.528,-84.6176,0.428407233,0.7369214,0.791091494,0.528332124,0.50417897
33.626,-84.6674,0.216780479,0.67220645,0.68571054,0.5713105,0.503631471
33.64,-84.6674,0.150341719,0.580241119,0.695634757,0.527976821,0.502944016
33.542,-84.6342,0.433897241,0.876590819,0.795715867,0.567467081,0.502859844
33.598,-84.6508,0.357052458,0.66287927,0.713145204,0.522205246,0.502696538
33.514,-84.601,0.224917878,0.652530639,0.772954097,0.544315873,0.502640657
33.556,-84.6342,0.185834889,0.62479704,0.7540555,0.632696384,0.502103339
33.654,-84.6674,0.305643367,0.665784347,0.570935797,0.535148534,0.501988212
33.584,-84.6342,0.357052458,0.66287927,0.713145204,0.549544604,0.501288767
33.612,-84.6508,0.234436179,0.7583484,0.858140256,0.546359709,0.501148111
33.57,-84.6508,0.361869871,0.804282953,0.724255761,0.540698315,0.501043984
33.584,-84.6508,0.179162034,0.571968473,0.783740839,0.515921728,0.500755261
33.514,-84.6176,0.199648449,0.636818607,0.721169013,0.525633294,0.499241681
33.542,-84.6508,0.320149934,0.859858982,0.846259829,0.528756855,0.498394344
33.612,-84.6674,0.336893714,0.802169449,0.817420804,0.529935225,0.498127627
33.556,-84.6508,0.443528337,0.888833238,0.733171083,0.513942155,0.497836569
33.528,-84.6508,0.224917878,0.652530639,0.772954097,0.532675986,0.497793894
33.528,-84.6342,0.276818532,0.686562196,0.784281249,0.523790905,0.49765756
34.004,-84.3852,0.20090629,0.55510643,0.731957219,0.572952531,0.496892682
34.004,-84.3686,0.67715655,0.805263399,0.623902847,0.571853144,0.495545335
33.626,-84.684,0.216780479,0.67220645,0.68571054,0.517102754,0.495141373
33.682,-84.6508,0.391234843,0.762938054,0.745060679,0.597912187,0.494647609
33.598,-84.6674,0.568095639,0.822199144,0.560546643,0.507000557,0.49455904
33.584,-84.6674,0.204694487,0.684978378,0.851927402,0.497521126,0.494550996
34.004,-84.352,0.320137081,0.79495331,0.726899133,0.531748193,0.494534909
33.64,-84.684,0.204877558,0.605238558,0.737300864,0.497365709,0.493554579
33.528,-84.6674,0.162103186,0.58098815,0.790861466,0.623116794,0.493239509
33.612,-84.684,0.419309734,0.853784718,0.789257001,0.508243856,0.493063076
33.57,-84.6674,0.38459578,0.832301416,0.835317198,0.507479088,0.492614756
33.542,-84.6674,0.258775038,0.78133339,0.927310655,0.559368693,0.492166225
34.018,-84.3686,0.148561132,0.554394017,0.796274841,0.575980463,0.491962513
33.556,-84.6674,0.538546943,0.913088128,0.76868269,0.526945404,0.490864865
33.626,-84.7006,0.278673641,0.694035183,0.69290827,0.498502516,0.490475205
33.584,-84.684,0.339797543,0.759518375,0.814769854,0.482330658,0.490192207
33.57,-84.684,0.391691275,0.862753773,0.740618171,0.48608935,0.490047552
33.514,-84.6674,0.390275236,0.683611912,0.734148039,0.562108802,0.489410473
33.612,-84.7006,0.486600147,0.863132373,0.846630196,0.494333664,0.489264226
33.598,-84.684,0.311794535,0.711492946,0.85781167,0.479904228,0.489264226
33.514,-84.6508,0.315544575,0.6999294,0.740668335,0.537832875,0.488737361
33.528,-84.684,0.224917878,0.652530639,0.772954097,0.601750928,0.488639818
33.64,-84.7006,0.174412058,0.613202945,0.69781426,0.488697392,0.487518109
33.556,-84.684,0.246389696,0.690366919,0.741930429,0.508071268,0.487134093
33.514,-84.684,0.305580893,0.655746213,0.680631131,0.547484712,0.486976346
33.626,-84.7172,0.316344058,0.72724577,0.685641556,0.485274856,0.486401842
33.542,-84.684,0.388281776,0.741798731,0.765202147,0.532388959,0.486260028
33.64,-84.7172,0.174412058,0.613202945,0.69781426,0.482606086,0.486087587
33.584,-84.7006,0.212307415,0.719204947,0.846196344,0.475016714,0.486025641
33.57,-84.7006,0.218471489,0.746231271,0.72260661,0.487033962,0.485836806
33.612,-84.7172,0.355599197,0.745645199,0.837360197,0.478324577,0.483974024
33.528,-84.7006,0.318088454,0.673005557,0.574603449,0.54202958,0.483911154
33.514,-84.6342,0.294484277,0.682695116,0.706788599,0.497924661,0.483528902
33.598,-84.7006,0.29239132,0.740723998,0.799057242,0.476332697,0.483243986
33.598,-84.7172,0.366808367,0.765230215,0.774851172,0.475844041,0.483061387
33.542,-84.7006,0.217460499,0.711492758,0.97755138,0.531442137,0.482562425
33.556,-84.7006,0.236351622,0.688808306,0.741400635,0.506191727,0.482208843
33.584,-84.7172,0.212307415,0.719204947,0.846196344,0.479605034,0.482109618
33.514,-84.7006,0.244645849,0.679303312,0.710378082,0.520136935,0.482058477
33.57,-84.7172,0.31722586,0.683077429,0.81910948,0.483923916,0.480580708
33.528,-84.7172,0.302680003,0.658831729,0.57874476,0.515260158,0.480058066
33.612,-84.7338,0.212307415,0.719204947,0.846196344,0.468096805,0.480018074
33.598,-84.7338,0.357751751,0.764032496,0.784352078,0.463937281,0.478272626
33.57,-84.7338,0.283185973,0.695269878,0.741591732,0.475844041,0.477898972
33.542,-84.7172,0.250711279,0.701767721,0.78425927,0.502867826,0.477716071
33.556,-84.7172,0.240678182,0.684902812,0.821081729,0.495159979,0.477495658
33.584,-84.7338,0.209112301,0.683763922,0.914194686,0.472593551,0.476834072
33.612,-84.7504,0.233346723,0.682772134,0.889442377,0.458902689,0.476043504
33.542,-84.7338,0.250338129,0.71710192,0.881158623,0.494004151,0.475770282
33.626,-84.7504,0.365154211,0.748795289,0.810541055,0.457401944,0.47535181
33.626,-84.7338,0.337522792,0.763649774,0.77051516,0.463819869,0.47532084
33.514,-84.7172,0.299382876,0.684598136,0.703481614,0.481233287,0.474624598
33.598,-84.7504,0.334515789,0.76173027,0.769396016,0.455720035,0.474566295
33.528,-84.7504,0.446991467,0.733430898,0.744033342,0.48607883,0.473816923
33.556,-84.7338,0.207467906,0.689477467,0.783258474,0.480878807,0.473713075
33.57,-84.7504,0.283185973,0.695269878,0.741591732,0.464089627,0.473653047
33.514,-84.7338,0.280240113,0.685204056,0.682031929,0.482912683,0.472972978
33.528,-84.7338,0.207849048,0.662795653,0.663834517,0.481377666,0.472554695
33.584,-84.7504,0.209112301,0.683763922,0.914194686,0.451018411,0.472293622
33.542,-84.7504,0.31722586,0.683077429,0.81910948,0.479913603,0.472145019
33.528,-84.767,0.336419836,0.740723758,0.799066141,0.47397531,0.470399015
33.514,-84.7504,0.2002481,0.629823127,0.734842098,0.473966925,0.47039389
33.584,-84.767,0.32806055,0.713511424,0.854573156,0.45298707,0.470352903
33.556,-84.7504,0.31722586,0.683077429,0.81910948,0.475497744,0.470329861
33.57,-84.767,0.252284262,0.685129743,0.879388339,0.459781436,0.469714085
33.556,-84.767,0.335026339,0.693525411,0.815503491,0.467835212,0.469469289
33.542,-84.767,0.187433484,0.620766,0.680614383,0.470175819,0.469205594
33.612,-84.767,0.233346723,0.682772134,0.889442377,0.449124173,0.46879389
33.598,-84.767,0.345180987,0.722647077,0.804887894,0.448431955,0.467626547
33.57,-84.7836,0.339797543,0.759518375,0.814769854,0.455496812,0.467338156
33.528,-84.7836,0.376431397,0.666278595,0.646916796,0.46359271,0.467000911
33.514,-84.767,0.2002481,0.629823127,0.734842098,0.462781786,0.466715967
33.514,-84.7836,0.169345559,0.588530728,0.75303018,0.461322051,0.46619563
33.556,-84.7836,0.335026339,0.693525411,0.815503491,0.462559154,0.466082279
33.542,-84.7836,0.187433484,0.620766,0.680614383,0.459998703,0.465170386
33.584,-84.8002,0.207868256,0.734784423,0.75911328,0.445842474,0.464837712
33.598,-84.7836,0.325826449,0.703731141,0.793448685,0.442705711,0.464807783
33.584,-84.7836,0.279685239,0.709661418,0.784695917,0.448544108,0.46453692
33.514,-84.8002,0.169345559,0.588530728,0.75303018,0.455059111,0.463852359
33.57,-84.8002,0.209112301,0.683763922,0.914194686,0.449201683,0.46337561
33.556,-84.8002,0.234635329,0.701908616,0.778634467,0.450209853,0.462945395
33.542,-84.8002,0.303899271,0.632630023,0.70925879,0.44923272,0.46246154
33.514,-84.8168,0.148561132,0.554394017,0.788726939,0.448995257,0.461405943
33.528,-84.8002,0.431409446,0.658831616,0.691593205,0.448666745,0.461268257
33.542,-84.8168,0.326738896,0.661117793,0.717988454,0.444615597,0.459525766
33.556,-84.8168,0.199984905,0.62409657,0.696872025,0.441775632,0.459219362
33.528,-84.8168,0.380493666,0.654187138,0.732276477,0.417277725,0.457534332
